Feature,Importance
num__lead_time,0.10491217340746015
num__arrival_date_year,0.08414017152853527
num__adr,0.0750300934869856
num__total_of_special_requests,0.04888798324474509
num__arrival_date_day_of_month,0.048736503716299985
num__arrival_date_week_number,0.04441800436483416
cat__country_PRT,0.04268108993783452
num__total_nights,0.0343260928803386
num__stays_in_week_nights,0.031254230959782504
num__required_car_parking_spaces,0.031119873358786458
cat__market_segment_Online TA,0.027642015394477255
cat__hotel_Resort Hotel,0.021380806341847185
num__stays_in_weekend_nights,0.02086640363117479
cat__hotel_City Hotel,0.01887999551504482
num__arrival_month_num,0.01792824196446699
num__booking_changes,0.015571421399791478
cat__customer_type_Transient,0.015308465642328786
num__previous_cancellations,0.014118662295725497
cat__market_segment_Offline TA/TO,0.013892982146462493
num__total_guests,0.012654247405935497
cat__assigned_room_type_A,0.011739931432267717
cat__customer_type_Transient-Party,0.010385803913630203
cat__distribution_channel_TA/TO,0.01020469386043268
num__adults,0.009959913014227419
cat__country_GBR,0.008983123518128952
cat__reserved_room_type_A,0.008361275728656982
cat__deposit_type_No Deposit,0.008295753260620129
cat__deposit_type_Non Refund,0.00745465844809332
cat__meal_BB,0.007346715396403361
cat__assigned_room_type_D,0.007115896847916295
cat__meal_SC,0.006068919728191169
cat__country_ESP,0.005845642873970976
cat__country_FRA,0.005817493473766028
cat__reserved_room_type_D,0.005610528771023504
num__previous_bookings_not_canceled,0.005423438353629315
cat__distribution_channel_Direct,0.005253378652277131
cat__season_Autumn,0.005031196904415485
num__children,0.004777534875561113
cat__market_segment_Direct,0.004682498703322902
cat__meal_HB,0.004609077350619997
cat__country_DEU,0.004562054571134078
num__is_repeated_guest,0.004244956987732966
cat__season_Summer,0.004193337764172649
cat__assigned_room_type_E,0.003801266212630901
num__family,0.0037836001364881864
cat__arrival_date_month_July,0.00372844331310271
cat__season_Spring,0.003716274060097069
cat__season_Winter,0.0036641170086731665
cat__arrival_date_month_August,0.0036024765165384317
cat__country_IRL,0.0035298901057185324
cat__reserved_room_type_E,0.003240759401792648
cat__country_ITA,0.0031515264351925864
cat__arrival_date_month_September,0.0031015456549054227
cat__arrival_date_month_October,0.002954721583822024
cat__arrival_date_month_May,0.002897624654288115
cat__arrival_date_month_June,0.002895956935857625
cat__customer_type_Contract,0.0028872544591524263
cat__arrival_date_month_April,0.0028502762341845833
cat__arrival_date_month_December,0.002769166222126453
cat__market_segment_Groups,0.002743429211364815
cat__arrival_date_month_March,0.002564588012001745
cat__market_segment_Corporate,0.0024311404596813165
cat__assigned_room_type_F,0.002409198436968148
cat__country_BRA,0.002404816400264596
cat__distribution_channel_Corporate,0.0023067813055028127
cat__country_BEL,0.002233099961909613
cat__country_NLD,0.0021915898981762724
cat__arrival_date_month_November,0.0021504520098391245
cat__country_USA,0.0021031028436503214
cat__country_CHE,0.0020059796444160663
cat__arrival_date_month_February,0.0019845604080879087
cat__assigned_room_type_C,0.001962114716973254
cat__assigned_room_type_B,0.001786530679009604
cat__country_CN,0.0017734457161828834
cat__country_CHN,0.0017247447351658085
cat__assigned_room_type_G,0.0017008310489744674
cat__arrival_date_month_January,0.0015872746494489964
cat__reserved_room_type_F,0.0015761598039781444
cat__reserved_room_type_G,0.001385569596339031
cat__country_AUT,0.0011818393932106494
cat__country_SWE,0.0011590200153971993
cat__country_RUS,0.001142739237867333
cat__country_POL,0.0010604474739535393
num__days_in_waiting_list,0.001005663480321499
num__babies,0.0009711508847478465
cat__country_AGO,0.0009567907733032338
cat__reserved_room_type_B,0.0009188767927859925
cat__reserved_room_type_C,0.0008488757337203341
cat__country_ROU,0.0008043558573126003
cat__country_NOR,0.0006879616000488659
cat__country_ISR,0.0006475220002231341
cat__country_FIN,0.0006418595064195567
cat__assigned_room_type_H,0.0006210918462006753
cat__reserved_room_type_H,0.0006046108729627569
cat__meal_Undefined,0.00059868382598281
cat__country_MAR,0.0005983832739001806
cat__meal_FB,0.0005809024107431154
cat__country_TUR,0.0005586625000824211
cat__market_segment_Complementary,0.0005462479095929772
cat__country_AUS,0.0005183494762288372
cat__country_LUX,0.0005026371495200226
cat__country_DNK,0.0004860391087896423
cat__assigned_room_type_I,0.0004562196415456063
cat__customer_type_Group,0.0004543516915485374
cat__country_HUN,0.0003402850783581424
cat__country_IRN,0.0002810832989382703
cat__country_CZE,0.0002523119201817338
cat__market_segment_Aviation,0.0002471775904094213
cat__country_IND,0.00023709476896996627
cat__assigned_room_type_K,0.00022855431267506963
cat__country_JPN,0.00022677178717391878
cat__country_ARG,0.00021635577177237135
cat__country_ARE,0.00021485360092781533
cat__country_ZAF,0.0002062427138546092
cat__country_NGA,0.00020597429403933728
cat__country_KOR,0.00020581430350470785
cat__distribution_channel_GDS,0.00020506938978430314
cat__country_EST,0.0001889061235071237
cat__country_MOZ,0.00017549593809869843
cat__country_GRC,0.0001711660211810377
cat__country_THA,0.0001676180906388781
cat__country_COL,0.00015555497083271294
cat__country_TUN,0.00015530371725962214
cat__country_HKG,0.0001454770413148531
cat__country_NZL,0.00014174810262415855
cat__deposit_type_Refundable,0.00013599026754543357
cat__country_MEX,0.00013076153553430016
cat__country_DZA,0.00012764833521645657
cat__country_SAU,0.0001269478907219211
cat__country_BGR,0.0001250568045333626
cat__country_GIB,0.0001237856133962907
cat__country_CHL,0.00011742973081398225
cat__country_UKR,0.00010665542493752126
cat__country_SVN,0.00010254858693235726
cat__country_TWN,0.0001000406563400452
cat__country_PHL,9.743783557634802e-05
cat__country_GEO,9.731547076306927e-05
cat__country_SVK,9.626392091659604e-05
cat__country_LTU,9.388104578561986e-05
cat__country_HRV,9.287380143490083e-05
cat__country_VEN,7.872976836633682e-05
cat__country_LVA,7.857613062495149e-05
cat__country_SGP,6.895199905572323e-05
cat__country_LBN,6.757638264075878e-05
cat__country_CYP,6.576928490405654e-05
cat__assigned_room_type_P,6.122392707157091e-05
cat__country_IDN,6.116393316503815e-05
cat__distribution_channel_Undefined,6.0936021255222504e-05
cat__country_MLT,5.807649962265937e-05
cat__reserved_room_type_P,5.8009531332631e-05
cat__country_PER,5.5546252247610854e-05
cat__country_MYS,5.335058219112885e-05
cat__country_CPV,5.119899856331007e-05
cat__country_MDV,5.0863057184747474e-05
cat__country_BLR,4.7406214562841046e-05
cat__country_GGY,4.6104651738903274e-05
cat__country_KAZ,4.542029399012532e-05
cat__country_EGY,4.492664084311584e-05
cat__country_SRB,4.481319833828744e-05
cat__country_URY,4.015113159143039e-05
cat__country_MKD,3.9159236629523405e-05
cat__country_ISL,3.833791354017432e-05
cat__country_ECU,3.772678871522269e-05
cat__country_PAK,3.700139004627207e-05
cat__country_KWT,3.621520973703901e-05
cat__country_MCO,3.462282688083348e-05
cat__country_OMN,3.402017427557808e-05
cat__country_GAB,3.200321668794578e-05
cat__reserved_room_type_L,3.0791570152642306e-05
cat__country_PAN,3.078115283938328e-05
cat__country_CRI,3.006782222451748e-05
cat__country_CMR,2.983305938088562e-05
cat__country_TZA,2.9139994428515492e-05
cat__country_QAT,2.7265286882710246e-05
cat__country_AND,2.712534765452776e-05
cat__country_ARM,2.4999703343605104e-05
cat__country_SEN,2.315817983912372e-05
cat__country_ZMB,2.2709361400703606e-05
cat__country_MUS,2.1305564067616637e-05
cat__market_segment_Undefined,1.9756764382465264e-05
cat__country_NAM,1.9148469047563895e-05
cat__country_BGD,1.885635640452144e-05
cat__country_BHR,1.62172236327782e-05
cat__country_AZE,1.5048974872595893e-05
cat__country_MAC,1.4536272779433159e-05
cat__country_DOM,1.385253176030318e-05
cat__country_ZWE,1.3774558854451205e-05
cat__country_GHA,1.3645457226971276e-05
cat__country_JEY,1.2094671968518782e-05
cat__assigned_room_type_L,1.1863377659210863e-05
cat__country_SYC,1.1692329132495529e-05
cat__country_JOR,1.1663418337673296e-05
cat__country_HND,1.1629620173733924e-05
cat__country_RWA,1.1086173331926825e-05
cat__country_SUR,1.0455319947202521e-05
cat__country_JAM,9.51925519981291e-06
cat__country_TGO,9.472015585713435e-06
cat__country_BIH,9.414518959446945e-06
cat__country_UGA,6.805870069224428e-06
cat__country_TMP,6.299353993806747e-06
cat__country_ALB,6.1653372489813915e-06
cat__country_GNB,5.594274803251691e-06
cat__country_BOL,5.393755731103682e-06
cat__country_IMN,5.3708333872149545e-06
cat__country_BEN,5.179054561465784e-06
cat__country_PLW,4.712424087963896e-06
cat__country_IRQ,4.618477110616761e-06
cat__country_LIE,3.927620631518797e-06
cat__country_DJI,3.860589043360695e-06
cat__deposit_type_No De,3.4276483561306308e-06
cat__country_KHM,3.0756247023222277e-06
cat__country_ATA,3.0236346479548896e-06
cat__country_PRI,2.905569411258888e-06
cat__country_KEN,2.604462635891917e-06
cat__country_LBY,2.5609992326486632e-06
cat__country_ABW,2.407723241481551e-06
cat__country_DMA,2.376683130552183e-06
cat__country_VGB,2.253431109354928e-06
cat__country_UMI,2.230034176276963e-06
cat__country_NIC,2.186788723093223e-06
cat__country_FJI,1.9783781744471337e-06
cat__country_CUB,1.6895208491971848e-06
cat__country_PRY,1.4519384086958952e-06
cat__country_CAF,1.396149691139408e-06
cat__country_CIV,1.3619109511458183e-06
cat__country_BFA,1.1623373979296035e-06
cat__country_LKA,1.1544337686745817e-06
cat__country_GLP,1.1421607052943595e-06
cat__country_BWA,1.11137726665715e-06
cat__country_BRB,9.339135789395125e-07
cat__country_ETH,7.822436315032783e-07
cat__country_VNM,7.052801644907261e-07
cat__country_MYT,6.890397870425053e-07
cat__country_STP,6.870289558781414e-07
cat__country_KNA,5.248446903593135e-07
cat__country_COM,4.038209514184519e-07
cat__country_FRO,3.716327875995446e-07
cat__country_SLV,3.3778615391917837e-07
cat__country_MMR,3.096542232099584e-07
cat__country_LCA,2.794398472724776e-07
cat__country_BDI,2.4845661511094855e-07
cat__country_MNE,2.4365614873522084e-07
cat__country_BHS,2.2279966091450033e-07
cat__country_PYF,1.94612382415198e-07
cat__country_CYM,1.852125277126737e-07
cat__country_SMR,1.5573135884492903e-07
cat__country_MDG,7.300707994674909e-08
cat__country_UZB,5.125950742260807e-08
cat__country_MWI,1.683696282411045e-08
